{
  "line_tol": 1.5562791186966933,
  "chain_tol": 79278.08025298681,
  "max_tol": 6342.246420238945
}